{"cameraMode":{"drawMode":0,"name":"Shaded","section":"Shading Mode"},"sceneLighting":false,"audioPlay":false,"sceneViewState":{"showFog":true,"showMaterialUpdate":false,"showSkybox":true,"showFlares":true,"showImageEffects":true,"showParticleSystems":true},"in2DMode":false,"pivot":{"x":134.85000610351563,"y":42.70381164550781,"z":27.98309898376465},"rotation":{"x":-0.3470732569694519,"y":-0.4360562562942505,"z":0.18716953694820405,"w":-0.8089929819107056},"size":118.19524383544922,"orthographic":false}